user_id,gender,age,unknown,action,adventure,animation,childrens,crime,documentary,drama,fantasy,filmnoir,horror,musical,mystery,romance,scifi,thriller,war,western
1,M,24,1,25,-3,4,-20,11,9,99,1,2,6,-1,3,41,43,32,17,4
2,F,53,0,8,4,1,0,7,0,29,0,3,0,0,2,18,3,7,2,0
3,M,23,0,-3,2,0,0,0,2,-2,0,-1,-3,-2,2,2,-2,-10,-1,0
4,M,24,0,7,2,0,0,7,2,9,0,0,1,2,5,4,5,10,3,0
5,F,33,1,8,8,11,-16,8,0,-9,-1,2,-13,4,0,-13,17,-1,3,-1
6,M,42,0,9,10,4,1,10,1,76,-2,10,4,7,15,32,6,23,17,3
7,M,57,0,84,58,19,38,32,6,177,8,9,26,30,19,48,47,71,61,17
8,M,36,0,42,14,0,-5,10,0,21,0,1,2,0,0,7,22,14,15,4
9,M,29,0,8,6,0,0,0,0,11,0,2,2,0,1,14,7,7,5,0
10,M,53,0,32,19,8,10,24,3,103,1,15,9,16,24,42,15,45,28,8
11,F,39,0,2,2,0,2,5,0,62,2,0,1,-1,5,21,9,6,8,4
12,F,28,0,19,10,1,3,2,0,37,0,0,-2,5,4,18,8,17,11,2
13,M,47,0,8,7,11,-5,6,6,117,3,18,-97,3,3,39,14,-12,22,13
14,M,45,0,15,23,7,6,9,1,42,0,5,1,2,9,19,16,14,10,1
15,F,49,0,-7,0,-4,-8,-3,0,9,1,0,-4,-2,-4,11,-4,-16,4,0
16,M,21,0,48,20,15,19,33,0,77,2,7,12,17,12,31,26,49,15,3
17,M,30,0,-3,2,1,0,-1,0,0,0,0,0,0,0,-2,2,-2,-2,0
18,F,35,0,20,14,15,18,15,0,153,2,2,1,18,8,49,6,20,27,3
19,M,40,0,2,0,0,2,0,0,5,0,0,0,1,0,0,1,1,1,2
20,F,42,0,10,7,0,-1,-1,0,8,-2,0,-3,1,0,-1,-1,-1,0,0
21,M,26,0,-17,-10,4,-6,6,0,-2,2,0,-16,-2,-5,-7,-11,-26,-3,0
22,M,25,0,51,16,0,-14,8,0,23,-2,2,4,5,-6,12,22,18,10,5
23,F,30,0,12,19,12,11,6,0,44,-1,2,-3,10,6,19,19,12,7,2
24,F,21,0,11,8,2,8,13,0,52,0,0,2,2,4,22,4,19,10,1
25,M,39,0,21,17,9,7,1,0,24,1,1,2,2,2,14,20,18,9,0
26,M,49,0,-7,-2,0,1,7,0,12,0,2,0,0,0,6,-2,-4,1,-1
27,F,40,0,2,-1,-1,-1,2,0,5,0,0,2,-1,-1,1,2,1,2,0
28,M,32,0,19,10,0,-1,5,0,17,-1,1,15,2,0,5,21,27,5,1
29,M,41,0,-2,-1,1,0,6,0,13,0,2,0,0,2,4,0,7,2,2
30,M,7,0,11,6,1,4,-2,0,11,1,0,0,1,2,11,10,4,6,2
31,M,24,0,2,3,0,0,5,5,11,0,5,-1,3,6,6,4,1,2,0
32,F,28,0,4,2,-1,-1,1,0,10,0,0,0,0,0,7,7,-1,1,0
33,M,23,0,9,1,0,0,2,0,7,0,0,3,0,4,4,4,11,1,0
34,F,38,0,1,0,0,-1,8,0,18,0,2,-1,-2,3,6,0,4,4,0
35,F,20,0,1,-2,0,0,1,0,1,0,0,0,0,1,0,-4,3,1,0
36,F,19,0,5,2,0,4,1,0,7,0,0,2,-2,2,-1,2,4,0,0
37,M,23,0,30,10,0,0,7,0,9,-1,1,2,0,1,10,8,15,5,0
38,F,28,0,12,26,16,41,-3,0,18,3,2,2,19,2,23,-6,6,2,2
39,M,41,0,3,0,0,0,1,0,6,0,2,1,3,2,4,2,8,0,0
40,M,38,0,-4,-1,0,-2,0,0,1,0,0,-2,0,1,0,-3,0,-3,0
41,M,33,0,10,5,2,1,3,0,12,-1,0,0,0,2,8,10,8,14,0
42,M,30,0,45,33,19,29,5,2,43,4,0,-4,16,4,33,29,27,11,2
43,F,29,0,38,25,19,14,17,2,57,0,1,-5,9,8,49,10,29,10,2
44,M,26,0,26,20,6,8,6,0,37,1,2,5,10,7,11,32,18,21,-1
45,M,29,0,9,7,4,4,5,0,9,1,1,0,1,0,9,8,5,4,0
46,F,27,0,9,3,0,1,5,0,22,0,0,-1,0,4,12,3,6,6,0
47,M,53,0,-1,0,0,0,4,0,13,0,2,0,1,3,2,1,0,0,0
48,M,45,0,12,11,0,6,6,-1,29,3,5,3,2,7,10,10,13,12,2
49,F,23,0,-49,-20,-6,-6,6,2,-4,-6,2,-11,7,-1,-23,-27,-22,-11,0
50,M,21,0,0,0,0,0,1,2,4,0,0,2,2,0,3,0,-2,-1,0
51,M,28,0,11,10,0,1,0,0,5,0,0,0,-3,0,6,6,2,6,1
52,F,18,0,7,10,3,5,3,0,43,0,3,0,3,5,10,7,9,7,0
53,M,26,0,10,7,0,1,5,0,11,0,0,0,0,0,1,5,7,5,0
54,M,22,0,17,4,2,0,6,-2,26,2,0,1,0,7,15,13,17,7,0
55,M,37,0,3,0,0,0,2,0,3,0,2,0,0,-2,0,4,1,4,0
56,M,25,0,58,35,11,10,7,0,35,1,1,12,5,3,24,39,31,14,2
57,M,16,0,16,8,2,7,4,0,23,-1,0,1,1,1,11,8,8,13,0
58,M,27,0,18,15,5,2,9,9,61,2,0,0,0,10,19,18,21,7,2
59,M,49,0,82,43,-5,-5,33,6,198,4,13,35,2,16,66,44,83,42,12
60,M,50,0,42,26,2,10,8,0,102,3,11,14,10,23,37,35,44,34,5
61,M,36,0,1,-2,0,0,-1,0,3,0,0,0,0,0,1,-1,2,-3,0
62,F,27,0,14,10,2,4,13,0,58,0,1,-7,3,5,17,22,2,21,-1
63,M,31,0,-3,-1,-2,-6,-1,2,10,0,0,0,-4,0,8,2,-5,1,0
64,M,32,0,33,25,0,6,13,0,55,4,0,7,8,2,22,26,14,20,1
65,F,51,0,11,8,0,1,4,3,53,2,0,1,0,6,16,7,10,9,5
66,M,23,0,7,0,0,0,2,0,8,0,0,1,-2,0,3,6,6,4,0
67,M,17,0,10,7,2,1,2,0,6,1,0,1,0,2,2,3,4,1,0
68,M,19,0,1,4,-1,-1,1,0,7,-2,0,1,-1,0,7,2,-3,4,0
69,M,24,0,9,11,0,2,9,3,29,0,1,4,1,1,14,10,10,2,0
70,M,27,0,24,14,6,7,2,2,18,0,1,5,10,0,15,17,13,11,0
71,M,39,0,0,-1,0,-2,4,0,25,0,2,0,-1,1,9,7,3,2,-1
72,F,48,0,14,-6,1,3,20,2,71,2,5,1,0,13,10,-12,42,3,5
73,M,24,0,5,0,-2,-6,10,0,32,0,4,1,-2,4,7,11,12,6,0
74,M,39,0,4,0,0,0,3,0,18,0,1,1,0,4,5,2,7,3,0
75,M,24,0,10,8,1,2,5,0,15,3,0,-1,-2,-3,-3,6,1,4,0
76,M,20,0,0,-3,0,0,5,1,38,0,1,-1,-1,5,15,9,7,4,1
77,M,30,0,11,8,2,2,1,0,15,0,4,3,1,2,5,10,7,8,-1
78,M,26,0,-1,1,0,0,-2,-1,6,1,0,1,1,-2,6,2,-1,0,0
79,F,39,0,2,2,1,1,2,4,40,0,0,0,1,1,17,6,3,8,0
80,F,34,0,-1,0,0,0,2,0,18,0,0,2,0,-2,5,-2,4,3,0
81,M,21,0,4,-2,1,0,0,0,15,-1,0,1,1,0,1,0,7,3,0
82,M,50,0,-1,-1,3,-1,5,-2,16,0,3,-12,0,8,15,-2,0,11,5
83,M,40,0,33,19,-2,5,-1,0,17,0,0,-2,-2,5,21,11,27,4,2
84,M,32,0,13,6,2,4,6,0,30,-1,0,0,5,0,13,3,18,11,0
85,M,51,0,19,8,6,12,9,1,84,1,5,4,19,7,40,17,9,25,3
86,M,26,0,-3,0,0,1,1,0,8,0,0,0,0,0,3,4,0,1,0
87,M,47,0,70,38,0,5,8,1,49,2,2,0,8,3,45,37,27,24,7
88,F,49,0,4,0,0,3,2,0,13,1,0,0,0,0,8,0,5,5,0
89,F,43,0,19,13,3,4,6,2,40,0,0,0,0,0,36,13,5,7,0
90,M,60,0,33,17,2,10,27,9,199,4,16,11,22,31,88,13,66,40,10
91,M,55,0,40,19,-3,-2,4,0,44,2,2,6,-1,9,7,22,27,25,3
92,M,32,0,6,3,1,-2,17,2,92,-1,4,-4,3,5,26,11,18,22,-1
93,M,48,0,2,-1,2,2,0,0,3,0,0,0,0,0,0,2,0,1,0
94,M,26,0,28,12,8,15,27,7,158,-1,10,14,18,11,38,20,30,36,13
95,M,31,0,27,13,4,14,0,-1,53,2,2,-3,16,2,33,9,12,24,4
96,F,25,0,20,7,2,8,9,4,30,2,4,7,2,2,11,18,22,11,0
97,M,43,0,20,17,7,6,1,4,17,2,2,6,3,5,3,32,19,4,5
98,F,49,0,1,-1,0,0,2,0,4,0,0,0,1,2,0,0,2,0,2
99,M,20,0,38,16,3,2,16,0,36,0,0,-2,1,-3,9,8,28,12,2
100,M,36,0,4,0,0,-1,2,0,7,-1,2,-3,0,2,3,3,8,2,0
101,M,15,0,6,6,0,0,1,0,0,-1,0,-1,0,1,5,2,-1,3,0
102,M,38,0,-44,-21,-3,-7,-7,0,-10,-4,1,-12,0,-4,-9,-13,-21,-4,0
103,M,26,0,6,4,0,0,4,0,8,0,0,0,0,0,4,4,0,4,0
104,M,27,0,-9,-1,0,0,-4,-1,-9,-2,0,-3,1,-4,-3,-2,-18,-6,-2
105,M,24,0,-2,-1,0,0,2,0,10,0,2,-1,0,3,2,1,1,0,0
106,M,61,0,8,5,1,2,3,0,36,0,0,0,0,2,10,0,7,6,2
107,M,39,0,-6,-1,0,-1,4,0,4,0,1,0,0,2,-1,0,-3,-2,0
108,M,44,0,4,0,1,1,2,0,14,0,0,0,2,1,6,1,1,4,0
109,M,29,0,70,49,2,11,7,0,20,5,1,3,3,5,22,45,44,17,1
110,M,19,0,6,-5,0,1,-3,0,10,1,-1,1,1,3,7,1,13,5,0
111,M,57,0,2,1,0,1,1,0,4,0,2,-1,0,3,5,1,6,1,0
112,M,30,0,9,1,0,0,7,0,21,0,1,1,2,5,5,0,13,4,0
113,M,47,0,13,4,0,0,7,0,22,0,2,-2,-2,4,9,8,14,5,0
114,M,27,0,6,1,0,0,6,0,12,0,2,2,0,2,4,17,10,6,1
115,M,31,0,26,14,-2,-2,18,5,43,2,7,7,-3,7,5,14,27,5,1
116,M,40,0,-3,0,1,0,7,1,12,0,1,-2,2,-3,-1,-5,-16,5,1
117,M,20,0,39,26,1,4,11,0,31,1,0,1,1,4,20,27,29,12,0
118,M,21,0,24,19,0,1,13,4,48,2,2,26,2,8,7,24,35,17,0
119,M,32,0,48,28,0,1,10,1,101,-1,2,1,7,6,37,11,38,22,1
120,F,47,0,2,0,1,1,1,0,13,0,0,0,0,1,4,3,-2,7,0
121,M,54,0,3,4,1,1,6,1,44,-2,0,0,0,5,14,3,7,7,0
122,F,32,0,6,4,0,1,3,0,50,1,0,0,-1,4,10,5,1,3,2
123,F,48,0,6,2,2,2,8,1,31,0,1,1,5,3,13,2,8,6,2
124,M,34,0,4,-1,0,0,2,0,1,0,0,1,0,0,-1,4,8,-1,0
125,M,30,0,38,23,3,5,-5,-2,18,0,0,-1,11,6,38,17,23,25,3
126,F,28,0,8,2,0,4,0,2,9,0,1,3,-1,-1,7,1,3,-1,0
127,M,33,0,25,19,0,2,0,0,-6,0,0,4,0,0,-1,23,6,-1,0
128,F,24,0,27,14,6,10,2,2,56,1,0,0,13,4,37,5,17,13,0
129,F,36,0,-5,-1,0,0,0,0,-5,0,1,-3,0,0,-3,-1,-9,2,0
130,M,20,2,106,53,29,44,27,1,123,7,2,32,28,11,61,51,98,22,1
131,F,59,0,3,0,1,1,5,0,24,0,2,0,0,4,7,0,4,3,0
132,M,24,0,1,0,0,0,5,0,11,0,1,0,0,2,0,0,2,1,2
133,M,53,0,-1,1,0,-1,0,0,8,1,0,-1,0,-3,1,0,-3,1,0
134,M,31,0,10,0,2,1,-1,0,8,-1,-1,0,0,0,7,1,7,3,0
135,M,23,0,1,-1,0,0,6,0,15,0,2,0,0,2,3,3,12,2,2
136,M,51,0,5,1,0,0,5,2,35,0,3,0,0,4,9,5,5,10,0
137,M,50,0,52,27,0,3,3,0,3,3,2,2,0,3,14,26,25,8,-2
138,M,46,0,8,5,1,2,11,0,32,0,1,1,2,5,10,4,13,9,2
139,M,20,0,2,0,0,0,5,0,22,0,0,2,0,1,2,0,4,4,0
140,F,30,0,-1,1,0,1,0,0,7,0,1,0,2,0,3,0,1,2,0
141,M,49,0,23,5,0,-5,-4,-2,21,2,0,0,0,6,17,10,33,5,0
142,M,13,0,5,2,4,0,1,0,8,0,0,1,3,3,5,5,3,4,0
143,M,42,0,6,3,0,0,1,0,8,0,0,3,0,5,2,1,12,1,0
144,M,53,0,28,12,2,6,15,7,89,4,1,-2,0,7,34,10,20,20,0
145,M,31,0,58,14,1,-14,26,0,44,-7,2,19,1,5,13,32,56,23,7
146,M,45,0,3,4,0,2,4,3,13,2,1,0,1,-1,3,3,10,2,0
147,F,40,0,2,2,0,2,1,0,18,0,1,0,1,1,3,1,0,3,0
148,M,33,0,11,14,20,12,2,0,17,0,2,-2,16,0,12,19,3,11,-1
149,F,35,0,-1,0,0,-1,-1,0,1,-1,1,0,-1,-5,3,0,-7,2,0
150,F,20,0,8,5,1,2,5,0,12,0,0,2,1,1,12,4,2,4,0
151,F,38,0,31,31,17,13,8,3,138,2,12,2,30,15,90,33,34,32,7
152,F,33,0,22,10,1,8,0,0,63,3,0,-1,8,2,82,6,8,20,3
153,M,25,0,-7,-8,0,0,3,0,4,0,0,0,0,0,-6,-4,1,-7,0
154,M,25,0,9,5,0,0,7,0,24,0,5,4,-1,5,8,12,8,11,0
155,F,32,0,-6,0,0,0,-2,0,-2,0,0,0,0,-4,0,0,-8,-1,0
156,M,25,0,4,0,0,0,2,1,22,0,0,0,0,0,2,0,1,9,3
157,M,57,0,16,4,2,2,6,0,25,0,0,0,1,0,10,2,11,7,0
158,M,50,0,45,22,3,3,22,0,52,0,6,3,2,8,31,19,23,23,4
159,F,23,0,16,7,-3,0,5,0,23,0,0,0,-5,6,8,2,21,2,0
160,M,27,0,19,7,2,-2,25,4,55,-2,7,12,-1,8,17,2,24,9,2
161,M,50,0,-8,-7,-2,-8,-2,-2,-5,0,0,0,-3,-2,-4,-4,1,-4,-2
162,M,25,0,12,5,1,1,4,0,8,0,0,0,0,0,5,5,10,4,0
163,M,49,0,-1,1,0,0,1,0,10,0,0,0,0,0,0,1,0,0,1
164,M,47,0,38,18,0,0,9,0,29,1,2,1,0,10,11,8,43,10,0
165,F,20,0,11,5,4,4,2,0,15,0,0,-1,4,0,4,8,4,9,0
166,M,47,0,9,0,0,1,-2,0,1,0,0,1,0,4,2,2,10,-4,0
167,M,37,0,1,4,-3,4,1,-3,15,0,1,-5,1,4,14,2,10,7,-1
168,M,48,0,13,10,2,5,2,0,8,-2,0,-2,0,2,-2,0,3,3,0
169,F,52,0,13,9,1,1,1,0,13,0,0,2,3,0,11,6,9,12,0
170,F,53,0,6,1,0,1,0,0,7,0,0,0,0,3,2,0,10,4,0
171,F,48,0,0,0,0,0,3,0,12,0,1,-1,0,2,2,2,2,-1,0
172,M,55,0,3,1,0,0,1,0,0,0,1,2,0,1,3,2,2,0,1
173,M,56,0,12,1,0,0,8,0,27,0,3,0,2,11,8,2,16,7,0
174,F,30,0,-7,-8,-2,-13,14,0,113,-3,2,-2,2,6,72,-2,18,6,-2
175,F,26,0,10,4,1,3,3,0,16,0,0,1,4,0,9,5,5,8,1
176,M,28,0,3,2,1,1,5,0,36,0,0,-1,0,2,7,6,5,1,0
177,M,20,0,18,9,0,-4,20,0,39,0,6,5,1,3,8,12,21,4,3
178,M,26,0,70,44,8,9,12,0,77,2,2,8,6,2,54,21,30,28,11
179,M,15,0,-6,-3,1,1,1,0,3,0,1,4,-1,5,1,0,11,-4,0
180,F,22,0,17,7,0,1,3,0,34,1,0,-1,1,1,21,9,11,7,0
181,M,26,-2,-89,-47,-11,-43,-46,-24,-274,-10,-4,-17,-7,-19,-78,-23,-90,-17,-4
182,M,36,0,6,6,3,5,0,0,10,2,0,1,2,3,8,8,2,9,0
183,M,33,0,1,2,0,-2,3,0,4,0,0,0,2,2,10,-2,1,1,2
184,M,37,0,8,3,7,10,7,2,124,1,6,2,12,7,53,4,9,19,0
185,F,53,0,7,2,1,2,3,0,32,2,1,1,0,2,13,5,7,8,0
186,F,39,0,17,6,3,4,-2,0,14,-1,-1,-4,4,8,3,0,30,0,5
187,M,26,0,9,3,0,3,0,1,33,1,0,0,3,5,16,2,6,5,1
188,M,42,0,29,12,-2,2,8,0,42,0,3,3,4,2,16,9,31,17,5
189,M,32,0,20,18,6,19,6,3,95,0,11,4,7,16,52,19,24,25,4
190,M,30,0,8,3,0,-1,4,0,11,0,0,2,0,2,8,2,8,4,0
191,M,33,0,3,1,0,0,0,0,13,0,1,0,0,1,3,0,4,1,0
192,M,42,0,0,-1,0,0,5,1,15,0,2,0,1,2,2,2,1,1,0
193,M,29,0,-2,-2,2,2,2,0,25,0,1,-7,1,-6,15,-8,-6,6,2
194,M,38,0,-18,-22,-1,-10,3,0,25,-2,0,-2,-1,1,-11,-20,11,12,1
195,M,42,0,1,3,0,1,7,1,30,0,1,0,6,3,15,2,6,5,0
196,M,49,0,-4,-2,0,2,0,1,12,1,0,0,0,0,6,0,0,0,0
197,M,55,0,46,12,0,-2,-2,0,16,0,2,1,2,0,0,16,16,15,8
198,F,21,0,12,9,2,2,5,2,37,-4,3,7,6,3,9,16,3,14,0
199,M,30,0,0,-1,-1,-11,0,0,13,-2,0,0,-1,-4,3,2,-1,0,0
200,M,40,0,95,64,18,40,7,-1,68,11,4,14,21,3,40,59,51,22,4
201,M,27,0,-13,-12,2,2,10,0,24,0,2,-11,1,10,-2,-8,3,-1,1
202,F,41,0,-1,-1,0,0,0,0,-8,0,1,0,0,0,-3,1,2,-6,0
203,F,25,0,8,7,0,2,4,0,7,0,0,2,0,0,7,6,3,6,0
204,F,52,0,-2,0,-1,-2,3,2,18,0,2,0,0,1,1,-1,-2,2,0
205,M,47,0,0,0,0,-1,0,0,-3,0,0,0,1,1,-2,0,-3,0,0
206,F,14,0,-13,0,0,-3,-1,-4,-22,-1,-2,2,-2,1,-12,-3,-11,-8,0
207,M,39,0,6,2,-1,0,4,0,41,1,1,1,1,0,7,-1,1,11,0
208,M,43,0,3,1,0,0,-1,0,6,0,-2,1,1,-2,14,0,-1,3,3
209,F,33,0,2,0,3,1,2,3,2,0,0,-1,0,-1,1,1,-3,1,0
210,M,39,0,40,22,9,13,14,0,56,2,6,9,6,8,36,22,24,18,5
211,M,66,0,0,3,0,3,1,0,10,2,0,-2,1,0,0,2,0,4,0
212,F,49,0,2,1,0,1,-1,0,24,1,0,0,0,0,9,-1,0,9,0
213,M,33,0,40,30,0,4,25,2,76,0,0,8,7,5,34,17,46,22,2
214,F,26,0,12,7,3,5,20,3,68,0,2,4,5,10,17,10,23,8,0
215,M,35,0,26,15,3,10,3,0,33,2,1,5,6,1,16,22,12,11,0
216,M,22,0,22,9,1,3,15,0,70,0,3,4,0,3,16,8,27,13,1
217,M,22,0,-4,-2,0,-2,3,0,-1,0,0,1,0,0,-5,-2,11,-5,-2
218,M,37,0,5,0,0,0,4,0,9,0,3,1,2,3,4,3,20,2,1
219,M,32,0,3,0,0,0,0,0,18,0,0,2,0,2,4,2,2,3,0
220,M,30,0,3,0,0,0,0,0,6,0,0,3,2,1,5,1,4,2,0
221,M,19,0,34,12,1,-2,26,4,42,-1,0,1,0,1,19,9,25,8,0
222,M,29,0,31,5,-9,-38,16,2,49,1,2,-12,-3,7,21,19,38,14,3
223,F,19,0,11,-1,9,8,-2,0,-10,-1,0,-2,6,-1,10,-3,1,3,1
224,F,31,0,12,8,0,0,-8,0,3,1,0,0,0,-1,3,2,-3,5,3
225,F,51,0,6,3,2,2,4,0,22,0,0,0,5,3,11,2,7,4,2
226,M,28,0,5,3,4,0,1,1,18,0,2,0,0,2,2,10,10,4,2
227,M,46,0,-2,-1,-2,0,8,0,24,1,-1,-1,1,1,5,2,2,0,0
228,F,21,0,3,3,0,2,-3,0,4,0,0,1,0,-2,0,0,-1,5,0
229,F,29,0,-7,-2,0,0,2,0,-4,0,2,1,0,-2,-4,-5,-5,1,0
230,F,28,0,28,23,12,26,2,0,54,5,2,1,20,2,28,10,21,18,3
231,M,48,0,7,4,0,-2,0,0,9,0,0,0,1,1,4,4,3,5,0
232,M,45,0,10,8,1,6,7,2,53,1,2,0,9,5,26,12,11,11,1
233,M,38,0,21,14,7,14,13,4,91,1,1,2,8,4,32,7,10,24,5
234,M,60,0,-8,-1,4,-7,-3,-1,49,-2,13,0,15,14,10,-2,2,19,-1
235,M,37,0,11,6,1,3,4,1,51,0,0,1,5,2,22,12,8,22,2
236,F,44,0,4,5,4,9,3,0,52,0,1,3,10,3,20,-5,5,15,6
237,M,49,0,7,2,4,1,5,0,26,1,3,3,1,9,9,6,19,12,0
238,F,42,0,6,1,1,0,0,0,3,0,0,0,1,1,0,4,3,4,0
239,M,39,0,17,13,2,5,11,7,96,2,9,10,9,19,28,23,28,11,-2
240,F,23,0,-2,-1,0,0,3,0,11,0,2,3,1,3,3,-3,5,3,0
241,F,26,0,0,0,0,0,1,0,10,0,0,0,0,-1,4,-1,1,1,0
242,M,33,0,0,2,1,1,2,0,18,0,0,0,0,0,17,0,4,4,0
243,M,33,0,4,3,1,4,1,1,37,0,0,1,0,2,11,0,1,8,1
244,M,28,0,6,8,10,9,7,-1,89,2,2,9,7,3,47,15,9,11,0
245,M,22,0,5,6,-2,0,0,0,1,0,0,0,0,0,3,4,3,1,0
246,M,19,0,-23,-8,1,1,-10,-2,3,0,0,18,-4,2,-1,7,-5,10,0
247,M,28,0,5,4,1,2,0,1,12,0,0,0,0,0,9,7,1,3,0
248,M,25,0,16,7,2,0,9,0,7,0,1,6,2,1,1,9,15,3,1
249,M,25,0,43,10,8,2,35,2,83,1,3,2,3,12,33,25,53,16,2
250,M,29,0,9,7,19,19,13,2,45,1,1,2,18,6,18,12,26,5,0
251,M,28,0,23,13,2,6,3,0,26,0,0,5,3,-1,12,13,20,10,0
252,M,42,0,1,0,2,2,3,1,25,0,0,0,0,2,10,1,5,2,0
253,F,26,0,31,14,5,8,8,0,40,0,1,5,9,2,26,9,25,12,4
254,M,44,0,26,23,-5,-3,-3,-2,19,2,0,-8,-4,2,9,17,1,10,2
255,M,23,0,-27,-12,0,0,-1,0,-6,-2,0,-8,0,3,-2,-7,-29,-2,-2
256,F,35,0,68,33,8,13,12,0,73,1,5,8,7,8,57,25,81,14,3
257,M,17,0,7,5,0,1,5,-1,51,0,0,1,1,5,31,3,5,7,0
258,F,19,0,11,0,0,0,2,0,12,0,0,-2,-1,-1,11,-1,7,5,0
259,M,21,0,11,6,0,0,4,0,19,0,1,3,2,1,9,5,9,5,1
260,F,40,0,15,2,-2,-2,2,0,14,0,0,3,-1,6,4,2,11,4,0
261,M,28,0,10,1,-1,4,0,0,12,2,0,1,-1,1,4,0,11,4,0
262,F,19,0,-8,-5,2,1,0,0,25,0,0,-2,5,0,13,-3,-4,2,0
263,M,41,0,28,22,3,17,6,0,73,4,1,4,11,2,22,15,13,30,8
264,F,36,0,19,12,1,0,12,3,49,2,5,25,6,8,24,17,23,5,-1
265,M,26,0,12,1,2,1,6,0,10,0,0,1,0,1,4,1,21,0,0
266,F,62,0,-1,-1,0,0,2,0,7,0,0,0,-1,1,5,0,-2,-1,0
267,M,23,0,63,25,12,-1,25,0,64,-1,7,4,6,10,26,37,49,28,6
268,M,24,0,-15,-1,6,-5,4,1,22,-3,5,-14,0,6,5,5,-6,17,4
269,F,31,0,-55,-23,0,-9,1,7,62,-4,4,-8,-5,9,-14,-13,-8,0,0
270,F,18,0,29,12,2,4,9,0,75,2,0,34,6,4,61,15,59,11,1
271,M,51,0,25,22,3,3,15,2,107,-2,7,5,7,11,38,7,28,37,6
272,M,33,0,19,7,0,2,11,2,30,1,2,6,0,4,6,11,13,15,0
273,F,50,0,0,0,0,0,1,0,11,0,0,-1,1,1,4,0,3,1,0
274,F,20,0,16,9,2,3,3,0,31,0,0,5,5,1,21,8,17,14,0
275,M,38,0,9,4,-2,-3,0,0,5,1,0,1,-2,0,1,6,5,4,0
276,M,21,0,48,26,24,25,39,2,119,5,8,18,20,13,36,48,61,28,0
277,F,35,0,2,0,0,0,9,0,18,-2,1,0,-1,1,7,0,11,1,0
278,F,37,0,10,2,1,1,0,0,16,0,2,2,1,4,9,0,9,6,0
279,M,33,0,61,29,9,4,-6,-5,-5,-1,2,2,4,5,-12,28,29,3,0
280,F,30,0,5,2,11,22,12,0,64,1,3,5,14,6,32,4,28,11,0
281,F,15,0,3,5,0,0,1,0,-1,-2,0,1,0,-1,2,1,6,2,0
282,M,22,0,0,1,0,0,4,0,5,0,2,2,1,4,2,3,-1,-1,0
283,M,28,0,12,9,7,10,5,0,8,1,0,1,12,1,14,5,1,3,2
284,M,40,0,1,0,0,-1,3,0,22,0,1,1,0,3,5,1,5,1,0
285,M,25,0,6,3,2,4,5,0,11,0,2,4,2,5,4,2,12,1,0
286,M,27,0,29,21,13,25,20,2,83,2,1,16,22,7,49,15,27,7,4
287,M,21,0,21,9,1,2,17,0,30,0,0,4,0,5,10,8,20,4,0
288,M,34,0,13,5,0,0,8,1,48,0,0,2,-1,-2,14,-1,8,18,2
289,M,11,0,1,-3,-2,-4,-1,0,2,0,0,0,-4,-1,0,0,3,1,0
290,M,40,0,22,12,9,11,-1,0,19,5,0,0,7,1,21,17,7,14,0
291,M,19,0,51,28,16,18,28,2,85,4,1,14,6,3,35,16,63,13,3
292,F,35,0,39,21,4,7,18,6,63,2,11,3,6,15,22,18,47,21,5
293,M,24,0,-27,-6,2,3,16,2,32,-2,10,6,7,7,-6,2,-11,16,2
294,M,34,0,26,12,4,7,8,0,27,0,0,3,1,7,19,17,14,17,0
295,M,31,0,45,43,10,29,10,2,112,5,3,3,31,9,71,20,15,25,5
296,F,43,0,26,11,2,-1,22,5,112,0,5,0,5,12,41,23,27,24,4
297,F,29,0,8,8,1,-1,15,1,49,0,2,6,4,7,22,6,25,7,1
298,M,44,0,32,25,10,22,8,1,57,4,1,2,13,7,19,12,16,29,3
299,M,29,0,6,4,3,2,8,5,72,-1,6,-1,7,9,37,9,19,16,2
300,F,26,0,8,1,0,1,0,0,2,0,0,1,0,1,3,-1,1,-1,0
301,M,24,0,59,29,9,9,11,0,46,-3,0,6,7,2,19,24,29,22,6
302,M,42,0,-6,-1,0,0,-1,0,-4,0,-1,1,0,0,-3,0,-6,-1,0
303,M,19,0,10,14,12,14,24,3,103,2,9,17,19,12,50,19,24,24,10
304,F,22,0,7,1,0,-2,0,0,4,0,0,-1,0,1,5,3,5,-1,0
305,M,23,0,0,4,8,1,1,2,56,1,2,1,4,3,22,9,9,12,2
306,M,45,0,2,1,0,0,1,0,13,0,0,0,1,0,7,1,-1,3,0
307,M,25,0,27,29,13,11,2,1,28,2,2,0,15,1,20,30,3,11,0
308,M,60,0,46,26,13,18,35,7,114,4,16,19,22,15,45,33,61,23,7
309,M,40,0,5,2,0,0,1,0,4,0,0,0,1,1,2,2,4,4,0
310,M,37,0,6,8,0,0,1,4,4,-2,0,0,0,0,8,3,0,3,0
311,M,32,0,66,45,9,15,14,3,119,5,4,5,6,11,45,32,36,28,10
312,M,48,0,33,31,18,14,12,6,135,0,22,15,28,30,72,23,56,45,9
313,M,41,0,41,15,9,11,11,0,56,2,14,8,9,21,19,27,50,34,7
314,F,20,0,22,19,19,43,10,0,69,3,0,6,19,6,34,12,30,7,2
315,M,31,0,6,3,0,0,17,4,47,0,8,-1,3,9,11,6,25,8,0
316,F,43,0,-13,-4,-4,-3,-1,1,47,0,-3,-5,-4,2,13,-8,-3,12,1
317,M,22,0,8,2,0,0,1,0,2,0,1,1,0,4,5,3,10,1,0
318,M,65,0,11,5,1,8,13,0,64,3,2,-1,16,5,30,4,12,7,1
319,M,38,1,4,0,0,-1,3,0,6,0,1,1,0,3,4,0,6,2,0
320,M,19,0,56,23,5,5,14,0,17,0,1,11,2,3,25,22,41,11,11
321,F,49,0,12,9,2,6,5,2,48,0,5,0,7,11,25,4,14,18,4
322,M,20,0,8,4,-1,-1,13,3,31,0,7,3,0,10,12,5,20,11,0
323,M,21,0,13,8,1,0,13,0,38,0,0,0,0,2,11,7,11,14,2
324,F,21,0,19,3,3,6,11,0,39,2,0,5,3,7,22,12,27,8,0
325,M,48,0,-4,1,3,-1,4,-2,34,0,6,3,5,9,12,9,4,19,3
326,M,41,0,20,24,1,4,-6,1,10,-1,5,7,3,9,6,13,14,17,1
327,M,22,0,3,9,1,8,4,6,65,0,1,5,7,0,15,-3,-4,8,2
328,M,51,0,41,16,-1,3,5,1,78,1,4,5,3,5,31,12,36,47,10
329,M,48,0,8,4,1,-1,4,0,21,0,2,-1,0,6,8,2,7,6,0
330,F,35,0,45,39,24,38,8,2,84,4,0,7,31,6,62,20,29,26,11
331,M,33,0,2,6,-2,0,2,2,28,0,2,1,-1,5,10,2,4,7,0
332,M,20,0,110,53,5,6,25,0,56,2,6,14,4,20,27,37,81,19,12
333,M,47,0,7,3,0,0,2,0,7,0,0,0,1,1,9,0,7,0,1
334,M,32,0,13,7,4,8,20,3,106,4,13,3,1,20,34,11,30,11,4
335,M,45,0,4,1,0,0,4,0,4,0,0,3,0,3,-1,-1,10,2,0
336,M,23,0,7,4,0,-5,0,0,16,0,0,-2,-4,-2,6,3,2,2,0
337,M,37,0,15,15,0,3,0,0,14,1,0,0,0,2,4,13,3,10,0
338,F,39,0,4,2,5,-1,1,0,33,0,7,2,-2,14,26,4,20,9,1
339,M,35,0,34,19,7,6,33,4,138,-1,17,11,13,18,38,21,36,35,7
340,M,46,0,14,14,14,19,-2,0,13,3,0,0,11,2,11,3,5,7,1
341,F,17,0,3,-2,0,0,1,0,12,0,2,2,0,0,1,-2,2,0,0
342,F,25,0,-3,-1,9,6,20,8,39,3,7,5,8,1,0,7,15,1,0
343,M,43,0,28,20,7,7,26,0,149,2,6,-3,3,10,34,28,25,32,7
344,F,30,0,21,12,8,9,10,4,58,0,4,4,4,7,24,19,29,8,0
345,F,28,0,20,15,-1,5,11,2,90,0,2,2,7,9,48,7,17,11,1
346,M,34,0,46,23,-2,-4,13,-2,22,2,2,-10,-2,5,18,11,37,27,0
347,M,18,0,48,17,7,6,26,0,61,4,0,3,6,5,18,16,40,18,8
348,F,24,0,16,7,2,2,2,0,21,2,0,8,1,2,7,5,20,3,0
349,M,68,0,-3,-1,-1,-1,3,1,12,1,1,0,-1,0,7,0,-1,0,0
350,M,32,0,20,13,1,3,4,0,28,0,6,3,2,7,15,15,18,14,4
351,M,61,0,15,1,2,2,9,0,28,0,0,1,4,8,11,2,23,6,0
352,F,37,0,17,5,0,0,8,0,10,0,4,2,0,1,7,13,16,7,0
353,M,25,0,-5,-2,0,0,2,0,14,0,0,-1,0,-3,4,-5,0,1,0
354,F,29,0,5,6,0,8,4,2,118,3,3,1,5,12,36,11,14,13,3
355,M,25,0,5,1,0,0,2,1,8,0,0,5,2,5,10,3,11,2,0
356,F,32,0,7,0,0,-2,1,1,9,-2,0,2,0,4,4,2,9,1,0
357,M,26,0,31,13,3,8,6,0,32,1,0,2,0,4,21,8,19,12,0
358,M,40,0,-4,-1,2,5,-3,0,31,1,0,-1,2,3,4,6,1,1,0
359,M,22,0,16,7,3,1,1,0,8,1,0,0,0,0,10,11,9,7,0
360,M,51,0,10,7,0,3,8,1,75,2,3,0,0,8,23,6,12,24,2
361,M,22,0,9,4,0,0,8,1,46,0,6,4,4,8,38,5,20,9,5
362,F,35,0,5,0,0,0,5,0,6,0,2,1,0,7,-3,-1,7,3,0
363,M,20,0,8,5,6,3,7,-1,-9,-4,5,-1,-5,-1,8,14,9,13,-5
364,M,63,0,0,0,0,-1,1,0,6,0,1,1,0,1,5,0,4,1,0
365,M,29,0,0,3,2,1,0,2,18,0,0,3,0,0,3,0,6,-1,0
366,F,20,0,7,5,0,0,4,0,7,0,0,39,0,0,4,4,12,0,0
367,M,17,0,22,10,0,0,10,0,16,0,2,32,0,6,8,22,26,5,0
368,M,18,0,11,6,0,0,5,2,6,0,1,3,0,0,6,7,3,2,0
369,M,24,0,10,10,2,0,1,0,11,0,0,0,0,0,8,11,2,8,0
370,M,52,0,11,6,0,1,3,0,25,1,4,3,4,11,11,10,18,8,2
371,M,36,0,22,9,1,3,4,0,28,2,0,4,2,0,10,6,14,9,5
372,F,25,0,14,2,0,0,14,0,34,0,1,30,0,8,9,4,42,3,0
373,F,24,0,35,25,25,21,2,4,62,-1,2,2,22,1,55,11,15,19,1
374,M,36,0,37,18,3,-2,6,2,50,-4,-3,4,2,8,18,14,50,10,2
375,M,17,0,9,1,0,0,2,0,3,0,3,9,0,5,2,4,14,1,0
376,F,28,0,1,1,0,0,2,0,12,0,0,0,0,1,7,1,8,1,0
377,M,22,0,8,4,0,0,3,0,10,0,0,7,0,0,6,4,4,1,0
378,M,35,0,30,17,13,21,12,2,99,1,3,4,19,4,39,15,22,20,4
379,M,44,0,46,26,0,8,18,3,88,1,3,7,6,12,31,26,35,27,4
380,M,32,0,2,6,3,1,6,1,28,0,5,-5,0,3,12,-5,4,7,0
381,M,33,0,3,15,9,18,-2,1,54,0,6,-1,14,7,35,11,6,13,1
382,M,45,0,1,-1,0,1,8,0,16,0,0,0,0,2,-1,-1,3,4,1
383,M,42,0,2,2,0,4,5,0,61,0,7,4,1,13,22,4,20,13,3
384,M,52,0,9,2,1,2,3,0,12,0,2,0,3,6,6,3,10,3,0
385,M,36,0,-19,-13,11,-2,8,6,56,-2,12,-3,-8,15,-4,-6,22,-1,3
386,M,36,0,15,7,0,0,3,0,6,0,0,0,0,1,1,3,5,3,2
387,M,33,0,19,16,10,-5,21,5,50,1,3,0,0,7,3,22,27,22,-1
388,M,31,0,20,7,3,3,5,0,23,0,2,16,1,7,4,6,28,5,0
389,F,44,0,18,12,12,19,19,2,93,3,15,6,27,14,51,15,23,26,2
390,F,42,0,5,2,4,6,5,0,14,0,2,0,4,4,10,3,8,3,0
391,M,23,0,17,8,0,1,17,1,53,0,0,2,7,7,15,-2,9,15,10
392,M,52,0,12,14,4,4,14,3,74,0,5,1,9,5,22,4,14,12,2
393,M,19,0,49,25,5,17,4,-1,61,-1,1,0,6,11,35,19,33,15,7
394,M,25,0,60,32,3,11,6,0,36,4,2,11,7,0,25,36,33,13,2
395,M,43,0,20,15,-1,2,3,0,32,2,2,1,1,2,8,15,4,9,2
396,M,57,0,14,8,1,1,-3,0,6,2,-1,-1,0,4,3,4,11,4,0
397,M,17,0,17,4,0,-7,15,0,52,2,8,2,4,6,13,16,22,17,3
398,M,40,0,30,28,8,10,6,0,45,2,2,5,14,9,34,16,17,21,5
399,M,25,0,-8,-4,4,5,2,0,14,1,1,-13,5,2,-1,-24,-4,6,0
400,F,33,0,4,1,0,1,-1,0,4,0,0,3,0,0,3,3,2,1,0
401,F,46,0,-3,-1,-6,-14,-1,-2,31,-2,0,1,-1,-1,10,-5,5,0,4
402,M,30,0,13,9,6,6,8,2,31,0,0,1,2,5,12,11,14,8,2
403,M,37,0,22,13,-1,3,4,0,12,1,0,0,0,3,9,10,12,10,0
404,F,29,0,1,0,0,1,2,0,5,-1,1,-1,-2,1,5,0,6,2,0
405,F,22,0,-123,-81,-28,-74,-38,-25,-352,-15,-16,-71,1,-19,-117,-48,-96,-34,-24
406,M,52,0,26,19,15,16,20,10,91,1,5,7,7,10,21,29,33,36,6
407,M,29,0,26,21,11,12,9,0,42,2,4,12,13,9,16,18,21,11,4
408,M,23,0,3,1,0,-2,3,0,10,0,2,1,2,4,5,3,10,0,0
409,M,48,0,-2,3,0,-1,4,-3,79,0,5,-4,0,15,26,17,24,20,6
410,F,30,0,0,0,0,0,-1,0,1,0,0,0,-2,-1,3,-1,-2,2,0
411,M,34,0,20,11,1,1,4,0,15,0,1,1,5,4,12,8,9,9,1
412,M,25,0,17,8,3,1,3,2,25,0,0,3,2,1,7,8,11,6,0
413,M,55,0,5,7,0,0,-1,0,30,0,-1,-1,1,-3,17,7,-5,10,0
414,M,24,0,1,0,0,0,8,0,12,0,2,2,0,3,2,3,11,1,0
415,M,39,0,7,2,1,-1,3,0,13,0,0,1,1,4,9,4,11,4,0
416,F,20,0,102,65,6,20,29,1,216,1,5,13,17,19,106,30,79,37,10
417,F,27,0,10,9,6,11,14,-2,59,0,4,-2,12,0,26,-3,9,22,4
418,F,55,0,-4,1,0,1,-4,0,-3,0,-2,3,-2,-4,-2,2,0,0,0
419,M,37,0,10,8,1,1,2,0,14,0,2,0,2,1,20,4,8,5,0
420,M,53,0,4,0,1,0,6,0,28,0,3,0,1,10,10,2,9,5,0
421,F,38,0,22,8,0,-1,14,0,14,-1,5,8,0,5,6,12,26,9,0
422,M,26,1,12,7,0,2,7,0,15,1,-2,11,0,4,11,7,7,4,1
423,M,64,0,-1,2,0,1,7,0,37,0,2,0,0,-1,2,2,7,6,0
424,F,36,0,1,0,-3,-3,3,0,18,0,0,-2,3,2,7,-1,1,1,1
425,M,19,0,-16,-1,-2,-6,20,0,1,0,3,-1,-8,3,-4,16,-5,0,-3
426,M,55,0,5,8,1,2,5,0,37,0,15,4,5,13,16,5,24,16,2
427,M,51,0,12,4,2,3,5,0,21,0,1,4,4,6,8,1,12,3,0
428,M,28,0,9,2,1,5,7,0,22,1,3,1,3,8,9,-2,20,4,0
429,M,27,0,29,12,4,-8,17,1,92,-2,6,3,4,15,32,13,22,34,9
430,M,38,0,4,2,-1,1,9,0,28,0,2,2,0,4,5,1,11,6,0
431,M,24,0,3,-1,1,1,0,0,3,0,0,0,1,2,2,-1,4,2,0
432,M,22,0,9,9,-1,0,4,0,23,0,0,2,0,1,13,5,9,5,0
433,M,27,0,3,4,0,-2,4,0,10,0,4,-1,0,-1,9,3,-2,2,1
434,F,16,0,4,4,1,6,-2,0,4,2,0,2,0,0,15,1,8,2,0
435,M,24,0,45,19,3,-11,21,0,54,-6,2,9,6,9,28,29,38,21,4
436,F,30,0,19,2,2,1,20,0,61,4,1,5,-1,3,22,6,25,3,3
437,F,27,0,-1,13,7,25,-5,1,86,4,2,5,22,11,51,6,-6,11,-3
438,F,51,0,13,7,1,1,1,0,14,0,0,0,-1,0,10,7,7,7,0
439,F,23,0,2,2,0,0,-1,0,14,0,0,0,0,1,9,1,2,-1,0
440,M,30,0,7,6,0,0,10,0,41,0,0,0,-1,6,10,5,13,7,0
441,M,50,0,4,1,2,2,0,0,4,0,0,-1,0,1,2,2,1,1,0
442,M,22,0,4,1,-1,0,11,0,12,0,1,-1,2,-3,2,4,7,3,2
443,M,35,0,-2,-1,0,0,3,0,7,0,0,2,0,1,2,-2,-1,3,0
444,F,51,0,7,2,0,0,2,0,11,0,0,0,0,2,6,2,6,3,0
445,M,21,0,-44,-13,0,1,-22,-1,-47,0,-4,-10,-1,-4,-13,-19,-47,-11,-2
446,M,57,0,-1,0,0,0,-1,0,-6,0,0,-1,0,0,-3,1,0,-1,0
447,M,30,0,21,8,1,2,14,2,36,-1,5,3,3,2,12,20,32,17,2
448,M,23,0,1,1,0,0,-1,2,10,0,2,-3,2,-2,1,4,1,-1,0
449,M,23,0,3,-2,1,0,7,0,50,1,0,0,0,-1,9,3,3,5,0
450,F,35,0,76,46,15,34,33,-1,236,2,10,13,27,25,117,34,80,42,10
451,M,16,0,3,-3,-2,-6,0,-1,-20,-2,-2,0,-5,9,-3,2,17,-1,0
452,M,35,0,23,15,-2,-1,5,2,41,4,2,2,-4,10,28,19,21,22,3
453,M,18,0,16,8,0,-1,12,1,38,1,0,-2,-5,-1,16,9,18,14,0
454,M,57,0,16,2,0,2,-6,1,-4,1,-4,-1,-2,-6,-5,5,-2,9,-3
455,M,48,0,31,18,2,5,8,0,59,2,0,7,1,6,22,23,22,17,3
456,M,24,0,5,3,1,1,8,2,61,-2,2,1,6,9,27,7,19,11,2
457,F,33,0,72,46,8,19,19,2,155,4,4,14,17,7,58,45,52,37,8
458,M,47,0,12,2,12,8,18,5,73,-1,6,4,6,12,20,4,19,8,2
459,M,22,0,23,16,4,4,-1,0,22,1,0,2,5,2,14,13,11,9,0
460,F,44,0,2,-2,-1,-2,11,1,28,0,1,0,1,5,9,-3,4,3,0
461,M,15,0,-2,1,0,0,1,0,8,0,0,-2,0,-1,-2,2,-4,-1,-1
462,F,19,0,5,-1,0,-1,3,0,20,0,0,5,2,6,10,-3,14,2,0
463,F,48,0,-5,-9,-4,-16,4,1,24,-1,2,-4,-8,5,10,3,-5,-4,0
464,M,60,0,13,4,0,1,19,0,16,0,3,3,3,7,8,7,18,8,1
465,M,32,0,3,3,4,3,4,0,20,0,0,0,4,5,7,8,6,5,-1
466,M,22,0,27,10,-1,-3,10,0,23,-2,2,1,-1,4,10,12,22,11,0
467,M,29,0,7,2,1,1,9,2,18,0,1,1,0,4,7,4,4,2,0
468,M,28,0,22,17,7,13,12,0,94,1,1,1,15,6,26,19,19,19,3
469,M,60,0,4,8,0,0,7,0,29,0,7,0,4,10,17,3,12,13,1
470,M,24,0,6,5,0,0,2,-1,24,0,0,1,0,-1,8,5,4,6,0
471,M,10,0,3,6,-5,9,0,0,1,0,0,0,-8,1,4,3,0,1,0
472,M,24,0,153,83,9,17,28,0,78,6,0,29,17,9,64,83,83,27,7
473,M,29,0,5,1,0,0,8,2,21,0,1,0,0,3,11,0,5,0,0
474,M,51,0,63,45,3,14,33,1,200,2,16,9,9,32,60,36,72,52,9
475,M,30,0,2,2,0,2,6,0,4,0,0,0,0,3,3,0,5,1,0
476,M,28,0,10,3,0,-1,5,0,6,0,0,5,-1,1,6,4,3,3,0
477,F,23,0,1,0,0,0,0,0,19,0,0,0,4,0,37,0,2,0,0
478,M,29,0,-8,-2,0,4,1,1,26,-2,0,2,4,0,13,-4,4,2,-1
479,M,30,0,29,16,3,-4,7,2,41,-3,3,11,-3,2,22,18,16,27,2
480,M,57,0,8,5,3,2,7,0,24,0,4,1,4,5,5,5,10,4,3
481,M,73,0,12,9,1,2,1,0,15,0,1,0,1,9,20,5,11,10,2
482,F,18,0,9,2,0,-1,1,0,4,0,0,0,0,1,7,2,5,2,0
483,M,29,0,1,6,-1,-1,-1,0,1,0,0,-1,-1,0,5,8,-6,3,0
484,M,27,0,65,41,5,11,4,0,53,4,2,2,6,2,35,41,26,19,5
485,F,44,0,-2,0,0,0,3,0,-2,0,2,0,0,1,0,0,0,-2,0
486,M,39,0,-3,0,1,0,10,5,30,0,1,1,-1,4,9,2,-10,6,0
487,M,22,0,50,21,11,10,18,-1,77,1,-2,4,6,-1,42,24,42,15,5
488,M,48,0,20,14,0,0,1,0,33,0,1,2,0,2,11,11,7,14,3
489,M,55,0,29,14,1,3,11,2,25,3,1,11,0,10,5,13,48,5,0
490,F,29,0,2,-4,-5,-9,2,1,-3,0,1,-1,-7,2,-5,6,-3,2,0
491,F,43,0,4,0,2,0,7,0,14,0,4,0,-2,7,-1,1,14,2,0
492,M,57,0,4,2,0,0,7,0,19,0,1,0,-1,3,0,2,3,11,0
493,M,22,0,46,18,5,4,9,2,40,-3,1,8,10,2,11,23,25,20,2
494,F,38,0,13,9,0,0,5,0,21,0,0,2,0,0,3,10,4,7,0
495,M,29,0,66,46,12,19,14,0,67,4,1,25,13,2,25,38,36,23,8
496,F,21,0,3,-5,1,-13,4,0,11,0,2,3,-5,-2,15,3,-6,15,-2
497,M,20,0,32,13,12,-4,14,0,23,-1,1,-6,0,1,20,19,26,10,0
498,M,26,0,-3,-2,-2,-2,7,2,24,0,4,5,-1,6,4,3,9,4,4
499,M,42,0,12,11,0,1,9,0,52,0,4,3,-1,12,16,6,18,17,1
500,M,28,0,7,-1,1,-7,9,0,44,0,3,6,2,6,19,13,10,5,1
501,M,22,0,12,6,0,1,13,0,26,1,0,2,0,5,6,7,12,2,2
502,M,22,0,4,2,0,-2,0,0,-1,-1,0,6,0,6,2,3,7,3,0
503,F,50,0,31,13,4,9,13,0,97,4,5,8,8,9,52,12,31,26,-1
504,F,40,0,30,16,2,12,11,3,99,3,0,12,6,6,22,12,45,14,3
505,F,27,0,16,13,0,4,-5,0,20,1,0,1,4,2,14,3,16,14,3
506,M,46,0,51,35,7,17,17,-1,43,1,11,7,9,15,35,30,43,21,13
507,F,18,0,58,24,1,5,8,0,23,2,4,10,-1,13,16,23,53,13,0
508,M,27,0,12,15,4,9,-1,0,32,2,0,10,7,2,13,12,5,14,0
509,M,23,0,-5,0,0,-2,-3,0,-6,-2,2,1,-1,-1,0,4,-5,0,0
510,M,34,0,2,-3,0,-3,0,0,1,0,0,-2,-1,-2,2,-1,0,0,0
511,M,22,0,4,-1,0,0,0,0,8,0,-1,3,0,3,4,0,2,2,0
512,M,29,0,9,4,1,1,7,0,12,0,1,2,3,2,4,4,10,6,2
513,M,43,0,27,15,0,0,1,0,2,1,0,0,0,0,6,12,12,6,2
514,M,27,0,30,14,12,8,9,1,79,3,3,2,7,6,40,31,24,23,3
515,M,53,0,2,2,0,1,0,0,-5,0,0,4,-1,1,-3,2,5,-2,0
516,F,53,0,5,3,2,0,4,0,11,0,0,0,0,3,7,7,2,8,0
517,M,24,0,10,3,1,1,0,0,5,-1,-1,0,1,1,5,6,4,3,0
518,F,49,0,17,9,-2,0,8,2,29,-1,0,-1,-1,2,11,7,23,4,0
519,M,22,0,13,6,0,0,9,0,30,2,2,2,2,0,11,1,6,2,0
520,M,62,0,1,0,-2,0,1,0,11,0,0,0,1,0,2,0,2,4,0
521,M,19,0,7,4,1,-1,6,1,12,0,0,-1,1,-1,5,16,5,5,0
522,M,36,0,4,2,0,0,5,1,22,0,1,3,1,3,0,4,13,8,2
523,F,50,0,10,9,13,7,5,5,46,2,0,2,11,1,39,12,5,10,4
524,M,56,0,20,4,-5,-9,27,-1,83,3,11,10,-5,13,27,2,34,24,7
525,F,27,0,4,3,2,4,3,0,8,-1,0,1,1,-1,4,3,1,2,0
526,M,30,0,-4,3,4,0,1,2,14,0,2,0,0,-4,1,1,-3,1,0
527,M,33,0,24,11,2,-2,11,2,64,1,3,9,2,4,15,10,17,18,7
528,M,18,0,13,11,-2,-4,2,0,11,-2,2,1,-2,2,13,9,12,6,1
529,F,47,0,5,2,0,0,2,0,10,0,0,4,1,7,9,3,14,3,0
530,M,29,0,5,3,0,0,3,0,22,0,0,2,-1,4,17,4,8,1,0
531,F,30,0,4,-6,0,-6,7,0,17,0,2,-3,0,4,10,-2,7,5,0
532,M,20,0,95,59,19,34,28,1,135,2,2,11,20,9,51,25,73,25,16
533,M,43,0,43,25,0,6,6,2,57,-1,2,-1,0,8,30,19,29,19,2
534,M,20,0,24,12,4,3,8,0,20,0,1,4,1,5,7,6,37,6,0
535,F,45,0,19,17,1,9,8,3,120,4,9,3,8,9,46,17,26,20,3
536,M,38,0,45,41,12,23,0,0,56,3,1,1,4,4,35,29,22,24,4
537,M,36,0,-43,-19,-13,-29,-1,1,25,-3,5,-12,-8,-2,-4,-17,-37,2,-2
538,M,31,0,18,7,-1,1,9,0,33,1,1,1,-2,2,8,10,13,18,2
539,F,53,0,0,2,0,2,-1,0,34,0,0,1,7,2,20,2,3,6,2
540,M,28,0,13,7,1,1,6,0,22,0,0,1,1,1,9,11,10,6,0
541,F,19,0,25,27,16,33,0,1,24,1,0,2,18,0,10,13,11,9,1
542,M,21,0,11,5,7,9,8,2,30,2,1,1,9,3,9,7,7,3,2
543,M,33,0,19,1,5,4,10,0,56,0,4,4,2,12,24,10,29,12,0
544,F,44,0,0,-1,0,-2,1,0,0,0,2,-2,0,0,3,-1,-2,1,0
545,M,27,0,47,30,7,8,4,0,16,3,0,6,6,3,18,29,22,15,2
546,M,36,0,23,11,0,-1,7,0,12,1,0,16,0,2,3,21,20,6,0
547,M,50,0,4,0,0,0,3,0,10,0,2,0,1,5,5,1,5,0,0
548,M,51,0,56,14,1,-4,19,0,33,-1,8,8,1,14,10,27,70,12,2
549,M,42,0,10,5,2,2,3,0,8,0,0,1,0,1,6,6,3,6,0
550,F,16,0,15,8,2,-1,-2,0,10,-1,0,3,2,4,11,10,7,8,0
551,M,25,0,78,39,5,5,35,0,145,-1,1,15,9,19,37,25,80,19,13
552,M,45,0,4,0,-1,0,3,0,8,0,0,-1,0,-1,5,3,0,3,0
553,M,58,0,16,15,2,5,11,0,48,0,9,1,4,15,24,7,27,23,7
554,M,32,0,23,17,2,6,1,0,34,0,-2,0,4,2,16,15,13,13,0
555,F,29,0,18,11,2,0,5,0,16,0,3,0,3,3,13,9,19,6,0
556,F,35,0,5,6,0,0,11,3,37,0,1,1,4,10,5,1,6,10,0
557,F,30,0,10,2,0,2,7,0,25,0,1,0,1,2,12,7,11,7,0
558,F,56,0,0,0,0,0,2,1,21,0,0,0,0,1,9,0,2,2,0
559,M,69,0,15,8,0,0,4,-1,26,0,0,0,0,8,6,0,16,12,0
560,M,32,0,4,5,1,2,9,2,20,0,7,2,1,3,12,10,11,7,1
561,M,23,0,-26,-11,-9,-16,11,0,34,-3,9,-2,-10,3,-10,-3,-4,1,2
562,F,54,0,10,6,3,10,0,0,16,1,-2,6,11,4,15,-2,15,3,2
563,F,39,0,12,8,0,-3,1,0,6,0,0,0,0,0,14,7,1,5,0
564,M,65,0,10,5,0,0,1,0,7,1,0,0,1,0,3,5,2,4,0
565,M,40,0,5,0,0,0,0,0,43,0,0,0,0,2,12,4,2,8,0
566,M,20,0,6,-5,-2,-8,7,1,64,-1,2,-1,-5,5,16,-1,17,7,0
567,M,24,0,12,-3,0,-1,21,6,64,-1,16,4,5,16,23,13,35,15,6
568,M,39,0,0,-3,0,0,5,-1,16,1,3,1,2,4,8,3,10,7,0
569,M,34,0,5,6,2,4,4,0,20,0,1,0,1,4,10,6,2,4,0
570,M,26,0,-5,0,0,-2,2,0,0,0,1,-1,-2,1,0,0,-5,-3,0
571,M,34,0,1,2,1,0,0,-1,7,0,2,0,0,3,1,1,0,0,0
572,M,51,0,-1,-3,0,0,0,1,1,0,0,0,1,2,3,-2,1,0,0
573,M,68,0,5,2,0,0,3,0,23,0,2,0,-1,4,7,4,7,9,1
574,M,56,0,2,-3,0,0,6,-1,19,0,2,1,3,3,6,1,7,2,0
575,M,33,0,4,-1,0,-1,0,0,-1,0,0,0,0,2,-4,1,6,1,0
576,M,48,0,6,4,1,0,2,0,8,0,0,0,0,0,10,7,2,3,1
577,F,36,0,49,29,8,18,5,2,63,0,1,9,7,4,38,14,31,22,4
578,M,31,0,4,0,0,0,0,0,-5,0,0,-1,0,-2,0,-4,-1,0,0
579,M,32,0,3,3,2,1,3,0,6,0,0,2,-2,3,16,3,6,3,2
580,M,16,0,10,9,0,-1,0,0,7,0,0,5,2,-1,5,19,1,8,0
581,M,37,0,4,3,2,0,6,2,17,0,0,0,0,0,3,4,2,2,2
582,M,17,0,4,6,2,1,5,0,19,-1,0,0,0,1,1,8,-1,4,0
583,M,44,0,2,5,0,0,4,0,18,0,0,2,2,2,9,5,10,3,0
584,M,25,0,9,6,1,1,0,0,3,1,0,0,0,0,6,9,0,3,0
585,M,69,0,4,1,0,0,0,1,50,0,0,0,2,0,17,-1,2,3,2
586,M,20,0,33,11,1,0,16,0,18,-2,0,5,0,4,14,3,24,7,2
587,M,26,0,-11,-5,-1,0,1,0,15,0,1,2,-1,-3,-6,6,2,-4,0
588,F,18,0,36,19,13,24,5,2,70,0,0,9,25,1,47,15,20,18,1
589,M,21,0,6,3,2,7,-5,0,4,1,0,3,2,-1,6,-1,11,0,0
590,M,50,0,-2,0,0,0,3,1,28,0,0,0,0,2,4,-1,-1,3,0
591,F,57,0,3,0,0,0,5,1,36,0,0,0,0,3,11,1,5,1,1
592,M,18,0,35,12,12,3,34,15,182,-1,3,20,8,20,53,26,51,27,5
593,F,31,0,16,12,0,4,3,0,46,1,0,3,3,2,42,10,19,14,-2
594,M,46,0,4,2,0,0,2,0,9,0,0,0,0,0,0,1,1,4,0
595,M,25,0,2,1,-1,0,6,2,20,-1,0,0,1,0,9,2,-6,3,1
596,M,20,0,10,3,0,0,0,0,3,0,0,1,0,3,8,3,7,4,0
597,M,23,0,14,5,0,4,1,0,5,0,0,0,2,1,7,10,10,3,0
598,F,40,0,8,0,1,1,2,0,15,1,-1,-2,1,3,5,0,3,4,0
599,F,22,0,1,0,1,1,1,0,14,0,0,3,1,-1,17,-2,6,1,0
600,M,34,0,37,13,0,0,7,0,20,0,2,4,0,0,7,19,16,15,8
601,F,19,0,7,7,-5,-9,3,2,14,-3,-2,-3,2,3,10,12,-4,8,-1
602,F,47,0,11,10,2,4,2,0,7,0,0,-1,1,0,7,6,4,5,0
603,M,21,0,21,12,2,-1,4,0,14,0,2,1,-1,0,17,19,5,6,0
604,M,39,0,4,1,0,0,1,2,2,1,0,3,0,0,-1,3,3,0,0
605,M,33,0,5,3,3,3,9,0,63,0,1,2,0,7,16,1,13,16,0
606,M,28,0,70,39,21,26,22,3,91,2,2,11,23,8,46,40,50,28,6
607,F,49,0,1,3,0,0,5,1,20,0,0,0,0,1,8,0,3,8,0
608,M,22,0,5,-3,0,2,10,0,75,1,4,10,-1,8,34,-4,32,1,0
609,F,13,0,-4,2,-2,-12,0,0,7,0,0,-1,-6,-2,1,0,-1,0,0
610,M,22,0,12,3,1,6,6,0,30,3,2,3,4,1,24,2,23,8,3
611,M,46,0,9,-1,0,0,7,0,19,0,0,1,0,7,8,-2,14,2,0
612,M,36,0,2,4,1,1,0,0,7,0,0,0,0,-1,1,0,5,0,0
613,F,37,0,7,4,1,1,5,0,17,0,2,-1,0,2,7,8,7,6,2
614,M,54,0,1,-1,2,2,2,0,3,0,0,-1,-1,-1,0,2,1,2,0
615,M,38,0,11,3,0,0,5,2,65,1,1,0,3,5,24,5,2,11,3
616,M,55,0,8,2,0,0,1,0,15,0,3,1,1,2,4,3,10,3,0
617,F,27,0,-18,-10,0,-4,-3,3,-15,-2,6,-27,-2,2,-6,-6,-4,-1,1
618,F,15,0,31,15,10,13,8,0,36,1,-1,6,10,-3,16,10,15,15,2
619,M,17,0,47,15,0,0,2,0,10,0,1,0,0,-5,7,17,27,12,0
620,F,18,0,26,26,16,35,-2,0,23,7,0,6,7,2,15,18,14,5,0
621,M,17,0,50,24,6,2,4,0,37,-2,-2,8,2,6,22,26,30,14,2
622,M,25,0,30,20,9,7,13,0,48,0,2,2,11,-1,22,17,21,14,0
623,F,50,0,14,8,0,0,3,0,7,0,1,0,1,4,14,9,3,6,2
624,M,19,0,12,7,1,2,11,0,53,1,1,1,1,6,22,9,12,7,0
625,M,27,0,17,8,4,3,1,0,21,1,1,0,3,6,14,16,12,13,1
626,M,23,0,-11,-6,0,-2,0,0,4,0,1,-2,-2,-1,-2,-4,-17,0,0
627,M,24,0,19,7,0,0,10,0,31,0,1,2,-1,3,0,21,9,26,6
628,M,13,0,6,0,0,-1,6,0,23,0,2,2,0,4,2,4,18,4,0
629,F,46,0,36,20,0,5,15,0,85,2,0,5,3,4,32,11,30,17,1
630,F,26,0,12,2,2,-1,6,0,4,1,0,3,-2,0,6,5,23,1,0
631,F,18,0,-1,-1,0,0,1,0,6,0,0,0,1,-1,0,0,1,0,0
632,M,18,0,34,23,6,11,3,0,30,1,0,4,15,3,15,18,16,17,5
633,M,35,0,14,2,0,2,-1,0,4,1,0,1,1,3,1,6,14,1,0
634,M,39,0,13,4,-1,-1,10,-1,34,1,2,-2,-2,4,10,6,15,9,0
635,M,22,0,-5,-2,1,1,4,0,6,0,1,0,0,5,4,-2,0,0,0
636,M,47,0,9,4,2,2,2,2,14,0,0,0,2,0,3,9,5,5,0
637,M,30,0,-21,-7,2,1,-3,0,-20,-2,0,0,-2,-2,-6,-8,-13,6,-2
638,M,45,0,25,6,0,0,-4,0,3,0,1,4,2,0,8,8,15,11,0
639,F,42,0,-2,0,0,-2,1,-1,-9,-1,2,0,1,2,-5,-2,2,2,-2
640,M,20,0,41,19,4,3,18,0,46,0,4,3,7,5,27,16,33,8,0
641,M,24,0,0,2,3,3,0,0,23,2,4,0,3,5,5,2,9,5,1
642,F,18,0,56,42,14,35,4,0,58,6,-2,-5,24,4,63,25,15,21,3
643,M,39,0,31,9,16,15,21,2,55,2,4,15,11,8,18,21,34,18,5
644,M,51,0,21,6,0,5,5,0,11,1,1,1,-2,5,10,9,16,6,0
645,M,27,0,12,5,0,-2,8,3,68,1,7,8,4,9,19,16,18,21,3
646,F,17,0,0,0,0,-1,-1,1,3,-1,0,0,-2,0,1,0,-1,1,0
647,M,40,0,23,11,3,3,4,0,17,1,0,0,4,1,13,2,10,4,4
648,M,43,0,63,29,2,3,1,0,0,0,3,3,4,8,14,41,33,15,2
649,M,20,0,13,10,2,2,4,0,5,0,0,0,0,2,1,5,8,3,0
650,M,42,0,-1,10,3,2,-4,1,20,0,4,5,10,9,12,14,13,17,-2
651,M,65,0,3,0,0,0,2,0,7,0,2,0,0,3,3,0,2,3,0
652,M,35,0,3,-1,1,0,1,0,4,0,0,0,1,3,1,0,4,1,0
653,M,31,0,8,2,1,-11,1,-3,-21,-6,-1,-11,-1,2,-10,-1,-5,10,-5
654,F,27,0,40,20,12,9,6,0,34,1,2,0,4,6,21,11,31,9,0
655,F,50,0,-17,-13,-1,-5,-4,2,-7,1,-1,1,1,-8,-28,-7,-23,5,-2
656,M,48,0,-6,0,0,0,-3,0,-7,0,0,0,0,-5,-4,0,-6,-6,0
657,F,26,0,-4,0,0,1,-2,0,6,0,-1,0,0,-3,3,-3,-3,3,1
658,M,33,0,9,6,5,5,9,0,33,0,2,0,-1,3,4,4,12,7,0
659,M,31,0,31,16,0,3,12,0,68,1,8,4,11,11,29,11,28,10,8
660,M,26,0,-42,-16,-7,-14,-13,-1,-8,-4,-1,-11,-6,0,-2,-18,-23,1,-1
661,M,28,0,33,22,12,11,2,1,47,1,3,4,8,3,25,19,24,18,1
662,M,55,0,1,0,0,0,2,0,19,0,0,0,0,-1,5,0,2,2,0
663,M,26,0,20,7,2,1,17,0,50,0,0,3,-3,5,10,9,31,11,0
664,M,30,0,17,10,7,5,22,0,50,0,14,0,8,18,23,9,27,12,0
665,M,25,0,8,3,9,9,8,0,31,2,1,3,11,2,22,8,9,5,-1
666,M,44,0,20,5,3,0,19,3,89,0,13,6,1,16,26,14,28,25,5
667,M,35,0,4,0,0,0,3,0,40,0,0,-1,1,2,9,0,6,4,0
668,F,29,0,9,4,3,3,2,0,7,0,2,2,2,3,6,1,6,2,-1
669,M,37,0,-1,5,6,5,4,0,19,0,5,-1,1,6,9,0,4,9,1
670,M,30,0,9,7,-1,2,4,0,8,0,6,0,6,12,6,5,15,6,0
671,M,21,0,45,24,0,0,3,0,6,2,1,8,1,-1,26,26,22,7,3
672,F,54,0,3,0,0,-1,1,0,6,0,0,0,0,0,0,-1,-2,2,0
673,M,51,0,4,0,0,0,2,0,23,0,0,1,0,3,2,-1,8,4,0
674,F,13,0,12,5,1,-2,2,0,12,0,0,0,-1,1,11,3,5,4,0
675,M,34,0,-2,2,0,0,-1,0,21,0,0,0,0,0,5,-2,-2,0,0
676,M,30,0,25,17,9,10,6,0,22,1,2,-6,3,3,17,12,13,11,0
677,M,20,0,16,7,7,2,5,0,1,0,0,5,0,4,1,6,18,2,0
678,M,50,0,7,1,2,2,5,0,6,0,0,0,0,-2,1,2,7,2,0
679,F,20,0,14,12,1,1,2,0,22,0,1,2,1,3,21,7,8,13,1
680,M,33,0,6,7,5,3,2,0,19,0,0,0,1,0,8,6,4,6,0
681,F,44,0,0,0,0,-2,0,0,7,0,0,-4,2,-2,5,-4,-6,4,0
682,M,23,0,18,17,6,1,14,0,46,0,3,7,1,-5,20,22,12,16,4
683,M,42,0,0,3,1,3,9,0,14,0,2,-3,4,-1,3,-1,-7,4,0
684,M,28,0,11,9,3,6,2,1,19,0,0,-1,1,0,15,8,6,7,1
685,F,32,0,-2,0,0,0,-6,0,-7,0,-1,-1,-2,-5,-7,0,-6,-2,0
686,M,32,0,22,5,3,3,21,0,65,0,5,5,6,10,12,11,22,22,1
687,F,31,0,2,0,0,0,-1,0,6,0,0,2,1,-1,6,0,2,0,0
688,F,37,0,8,4,0,4,10,0,14,0,2,5,0,5,4,0,20,4,0
689,M,25,0,22,13,0,0,0,0,9,0,0,0,0,4,8,20,8,6,0
690,M,35,0,9,3,-1,3,0,0,11,-1,-1,2,-2,1,-2,-1,9,0,3
691,M,34,0,6,2,2,-1,3,0,24,0,0,0,0,2,10,2,8,6,0
692,M,34,0,3,1,1,1,2,0,1,1,0,1,0,1,2,4,3,1,0
693,F,43,0,-11,-7,1,1,3,1,21,0,3,-2,1,1,6,-5,6,-3,2
694,M,60,0,46,37,2,10,10,2,81,5,6,5,14,10,41,34,28,39,11
695,M,26,0,-2,2,0,0,6,0,8,0,1,-1,1,-1,6,3,-3,0,0
696,M,55,0,-2,2,0,0,6,0,24,0,2,3,0,8,2,0,5,6,0
697,M,25,0,24,4,4,4,7,-2,38,0,2,1,2,10,24,14,23,9,0
698,F,28,0,3,7,0,-1,-2,0,-10,-1,-5,1,0,-9,4,7,-11,2,-2
699,M,44,0,-2,2,0,2,4,0,19,0,0,1,1,2,4,4,5,-1,0
700,M,17,0,10,7,0,1,0,1,4,1,0,0,0,0,7,6,2,6,0
701,F,51,0,8,4,1,2,3,0,31,0,0,0,1,3,12,3,8,5,0
702,M,37,0,1,4,1,1,-3,0,-2,0,0,-6,-2,-3,2,5,-9,-8,0
703,M,26,0,12,11,2,0,5,0,14,0,0,2,1,0,6,9,6,5,0
704,F,51,0,4,3,2,0,3,0,39,0,8,1,1,7,15,5,13,8,2
705,F,21,0,50,29,7,12,4,0,15,0,-1,-1,2,-1,17,16,18,12,0
706,M,23,0,6,7,1,1,-1,0,1,0,0,-1,0,-3,6,4,-4,2,0
707,F,56,0,-6,-5,1,3,5,1,86,0,3,1,6,10,19,-3,11,7,1
708,F,26,0,11,8,1,1,-5,0,12,0,-2,0,-6,1,23,5,0,6,0
709,M,21,0,56,19,1,1,14,0,30,1,0,5,-5,0,11,13,28,13,6
710,M,19,0,13,4,5,6,14,0,35,0,5,3,5,7,9,5,19,7,1
711,F,22,0,1,8,11,14,3,1,127,-2,3,1,15,5,66,5,6,17,3
712,F,22,0,26,37,10,31,1,0,38,4,0,-1,13,0,47,14,7,8,3
713,F,42,0,-4,0,0,0,0,0,2,0,1,0,-2,0,-1,-1,-1,-2,0
714,M,26,0,20,11,0,-1,-2,0,1,-1,0,0,0,2,4,9,12,5,0
715,M,21,0,14,3,7,5,8,0,31,-1,0,0,2,-1,20,7,21,16,2
716,F,36,0,32,31,13,25,15,2,107,2,6,5,25,16,68,11,18,38,4
717,M,24,0,6,-2,-1,0,12,0,52,1,3,1,1,9,16,-1,16,2,0
718,M,42,0,16,5,-3,-1,0,0,11,-1,0,0,0,2,6,3,14,2,0
719,F,37,0,-10,-3,-2,0,-2,0,15,0,0,1,-2,1,3,-5,6,2,1
720,F,49,0,0,1,0,1,3,0,21,0,2,0,0,4,7,1,7,4,0
721,F,24,0,38,21,2,6,4,2,44,3,0,-2,0,-2,29,22,7,22,3
722,F,50,0,7,4,0,2,4,0,11,0,0,1,0,7,6,3,11,4,0
723,M,26,0,6,4,1,0,0,0,1,0,0,0,-1,-1,2,4,2,2,0
724,M,31,0,-17,-10,-3,-5,-5,0,-22,-2,-2,-4,-7,-1,-16,-4,-17,-9,0
725,M,21,0,8,1,0,0,2,0,11,0,0,0,0,4,7,0,8,5,0
726,F,25,0,0,-2,1,3,-1,0,2,2,0,0,0,0,-1,0,-3,0,0
727,M,25,0,13,3,4,-6,5,0,11,-6,2,-15,5,-1,19,-4,9,15,2
728,M,58,0,1,2,0,0,2,0,12,0,0,0,0,1,1,0,6,1,0
729,M,19,0,4,0,0,-2,-2,0,-2,0,0,-1,1,2,3,0,4,-1,0
730,F,31,0,2,3,1,2,0,0,9,0,0,0,0,-4,0,8,-1,1,0
731,F,41,0,-5,6,-1,0,0,-2,20,0,0,-2,6,4,27,-5,-2,-1,0
732,F,28,0,2,2,0,4,2,0,7,0,0,1,0,-1,0,0,5,5,0
733,F,44,0,-8,-1,-2,-1,2,1,14,-1,1,-1,0,2,2,-3,-8,4,0
734,F,25,0,5,4,2,5,-3,0,20,1,0,1,9,3,21,3,7,7,1
735,F,29,0,5,4,1,2,0,1,5,0,0,1,-1,3,8,5,-2,7,0
736,F,48,0,-5,-2,1,1,1,0,7,0,0,0,-1,0,-1,-1,-7,2,0
737,M,30,0,6,0,-1,-2,9,1,20,0,1,0,0,0,1,7,4,4,0
738,M,35,0,41,23,9,6,0,0,36,0,2,3,5,4,18,34,20,20,3
739,M,35,0,11,6,-2,-3,4,0,12,0,0,-2,1,4,3,4,7,5,1
740,F,25,0,0,-1,0,0,2,0,4,0,2,1,1,2,-1,-1,5,1,0
741,M,25,0,13,5,-1,-1,2,1,28,0,1,1,1,4,21,2,8,10,1
742,M,35,0,-1,-1,1,1,4,0,15,0,0,0,0,1,4,0,0,1,0
743,M,31,0,5,1,1,-1,4,0,18,-1,2,-1,0,2,6,4,10,3,0
744,M,35,0,3,1,1,1,5,0,9,0,4,1,0,7,3,0,13,1,0
745,M,42,0,-5,-4,0,-1,4,0,1,0,1,0,0,4,-13,0,8,-2,1
746,M,25,0,33,15,1,3,0,0,6,0,1,3,2,-3,13,9,14,10,0
747,M,19,0,43,22,23,33,29,12,164,2,10,12,24,21,54,29,49,45,7
748,M,28,0,30,9,7,3,4,3,28,0,4,3,2,6,13,23,17,17,1
749,M,33,0,61,36,10,25,7,0,73,5,2,3,15,12,38,32,47,29,9
750,M,28,0,1,3,0,1,-1,0,3,0,0,1,0,1,3,2,2,3,0
751,F,24,0,18,21,11,13,8,0,27,0,1,3,20,2,27,18,6,12,0
752,M,60,0,2,3,0,3,11,0,-1,0,2,5,-2,7,-1,3,9,-2,-1
753,M,56,0,4,5,2,3,2,0,22,0,3,-2,2,2,9,-6,-4,9,2
754,F,59,0,3,1,0,0,2,0,10,0,0,0,0,1,2,0,3,0,0
755,F,44,0,2,-1,1,2,-1,0,3,0,0,-2,-1,1,1,-1,5,4,0
756,F,30,0,4,2,5,3,2,0,9,0,0,-2,7,2,7,7,8,3,0
757,M,26,0,32,19,5,5,2,0,23,0,1,4,2,3,6,18,16,12,3
758,M,27,0,59,38,0,5,24,8,108,0,11,13,12,27,42,48,68,22,8
759,F,20,0,22,13,2,2,0,0,5,0,0,0,0,3,9,10,15,6,0
760,F,35,0,-1,0,1,1,-2,0,6,0,0,-3,6,0,7,3,-1,0,0
761,M,17,0,7,5,-4,-11,0,0,-3,0,0,2,-3,0,7,5,6,0,1
762,M,32,0,4,2,0,0,0,0,1,0,2,0,0,2,0,1,1,3,0
763,M,27,0,16,8,7,8,13,2,56,0,0,1,8,5,18,7,20,12,1
764,F,27,0,11,9,12,15,3,0,39,0,2,1,15,2,20,7,14,11,0
765,M,31,0,0,-1,0,1,1,1,21,0,0,0,0,0,7,-2,0,3,0
766,M,42,0,7,6,0,4,1,0,33,-1,3,7,4,4,5,9,2,13,1
767,M,70,0,13,6,4,5,4,0,29,1,1,1,4,3,14,6,12,7,2
768,M,29,0,10,3,2,1,5,0,9,0,0,0,0,1,9,3,4,0,0
769,M,39,0,-1,-1,1,1,-2,0,0,0,0,0,0,-1,1,0,-2,1,0
770,M,28,0,20,11,4,9,5,2,44,0,-1,1,5,3,20,11,20,1,0
771,M,26,0,-5,4,17,20,1,0,19,2,0,0,10,2,21,2,-4,3,-4
772,M,50,0,11,4,0,0,6,0,17,0,2,0,0,8,5,4,17,5,0
773,M,20,0,-19,-6,6,1,5,1,32,0,1,-4,2,-5,11,12,-1,10,-3
774,M,30,0,-71,-33,-9,-18,-18,1,-55,-8,-4,-37,-13,-6,-25,-34,-51,-2,-4
775,M,46,0,3,1,0,0,3,0,15,0,0,2,0,4,2,2,6,1,0
776,M,30,0,14,9,-1,0,7,0,31,0,2,-5,0,4,10,8,10,12,5
777,M,63,0,3,2,1,1,-1,0,24,0,0,1,-1,0,4,2,5,7,0
778,M,34,0,4,-6,0,-13,3,0,-8,-3,0,3,-4,0,-8,1,7,0,0
779,M,31,0,15,11,5,7,0,0,5,0,0,1,6,1,10,11,8,6,0
780,M,49,0,25,20,0,3,2,0,29,2,0,-1,5,0,19,8,1,17,3
781,M,20,0,14,11,0,-2,10,0,21,0,2,-1,0,4,5,13,5,10,1
782,F,21,0,-6,-8,1,-3,-7,-1,-8,1,0,3,0,1,-8,3,8,-1,0
783,M,30,0,9,2,0,0,6,0,9,0,2,5,0,5,2,7,8,2,0
784,M,47,0,8,3,0,1,6,0,20,0,2,1,0,6,4,3,12,3,0
785,M,32,0,9,4,1,0,2,0,2,-1,0,2,0,0,3,5,5,5,0
786,F,36,0,25,18,10,19,3,0,53,2,2,5,14,3,22,17,15,19,3
787,F,18,0,3,-2,0,2,3,0,12,0,1,-1,-1,-3,1,1,5,2,0
788,M,51,0,20,10,-2,1,5,0,64,2,4,3,-3,6,21,8,29,40,8
789,M,29,0,5,2,0,-1,7,0,19,0,0,0,0,1,5,3,6,1,0
790,M,27,0,9,0,-2,-4,1,0,15,-2,1,4,-4,0,11,2,0,-4,2
791,M,31,0,8,3,0,1,5,0,11,0,0,0,0,5,8,4,7,5,0
792,M,40,0,-1,-2,1,3,4,0,9,0,0,0,0,0,2,1,-1,2,-1
793,M,22,0,9,8,2,3,6,2,8,0,0,0,0,0,4,8,6,3,0
794,M,32,0,13,5,3,3,10,2,27,0,0,0,3,0,10,5,2,5,0
795,M,30,0,6,5,4,6,5,0,12,-2,1,-4,9,0,0,5,-2,2,-1
796,F,32,0,77,37,2,13,15,0,72,2,5,0,13,25,79,39,63,17,-1
797,F,44,0,2,5,0,-1,-2,0,-4,0,0,-1,0,-3,-4,6,-6,2,0
798,F,40,0,38,33,3,19,5,0,12,1,0,-2,12,6,27,12,19,9,-1
799,F,49,0,5,6,0,1,1,0,13,0,2,0,1,4,7,3,4,3,0
800,M,25,0,10,4,1,0,1,0,9,0,0,0,1,1,5,5,6,3,0
801,M,22,0,11,2,0,0,3,0,6,0,0,6,0,8,7,4,18,3,0
802,M,35,0,20,5,0,-1,1,0,6,0,3,13,0,5,0,18,23,5,1
803,M,70,0,-2,-1,1,-4,0,0,14,0,0,1,1,0,0,-2,0,3,0
804,M,39,0,85,47,6,12,15,0,73,3,2,18,4,12,28,40,59,36,6
805,F,27,0,14,0,4,-1,14,7,49,-3,3,10,8,4,-7,13,25,5,5
806,M,27,0,21,8,7,6,18,0,35,0,6,3,11,3,15,16,14,11,0
807,F,41,0,86,60,21,35,9,2,53,4,3,2,30,5,36,28,34,26,6
808,M,45,0,5,0,0,0,7,0,15,0,2,0,0,5,7,3,8,2,0
809,F,50,0,2,-1,0,0,5,0,3,0,3,2,-2,6,4,0,5,1,0
810,F,55,0,14,2,0,3,2,0,10,0,0,0,2,9,5,0,13,5,0
811,F,40,0,4,2,0,4,1,0,9,2,0,3,-1,1,3,2,10,4,0
812,M,22,0,6,0,0,-2,1,0,-1,0,0,2,-2,4,3,0,10,-1,0
813,F,14,0,3,-4,0,-5,1,0,4,-2,0,1,1,-1,0,3,6,2,0
814,M,30,0,-2,-2,0,0,1,0,3,0,0,-3,0,0,0,-2,3,0,0
815,M,32,0,27,21,16,25,3,0,78,1,2,-1,20,7,27,17,17,28,4
816,M,34,0,10,2,0,0,3,0,7,0,0,2,0,3,3,2,11,2,0
817,M,19,0,7,3,1,1,6,0,2,0,0,1,-1,2,3,1,8,-1,-1
818,M,28,0,3,-1,0,0,2,0,6,0,2,2,0,1,3,2,4,3,0
819,M,59,0,5,0,0,0,8,0,16,0,2,0,1,4,6,-1,8,4,1
820,M,22,0,-5,-3,0,0,2,0,3,0,2,2,-1,3,-2,-2,-2,0,0
821,M,37,0,14,16,7,14,2,2,45,0,2,2,9,3,18,1,5,10,3
822,F,29,0,0,-3,3,-1,1,0,0,0,0,-1,0,2,1,0,4,0,0
823,M,27,0,35,15,10,11,21,2,91,3,6,2,6,8,40,23,33,31,2
824,M,31,0,-4,0,-1,-2,0,0,-1,0,0,0,-3,1,-3,0,-2,-3,0
825,M,44,0,61,24,0,2,7,0,18,4,1,-1,-2,7,7,22,56,13,1
826,M,28,0,70,27,10,7,16,0,22,0,2,8,8,0,19,34,23,13,5
827,F,23,0,1,-1,0,0,0,0,1,0,1,1,0,0,2,0,1,0,0
828,M,28,0,-1,-1,0,0,4,0,19,0,1,-3,-1,3,0,1,-1,1,0
829,M,48,0,4,3,3,1,2,0,24,0,0,0,3,2,11,2,5,5,0
830,M,46,0,33,15,2,2,0,0,30,-2,4,-7,5,2,32,10,11,21,7
831,M,21,0,15,6,1,2,3,0,23,0,0,-4,0,1,7,11,8,6,0
832,M,24,0,2,0,0,-1,0,0,3,0,0,-1,0,0,1,0,-1,2,0
833,M,34,-2,-19,-14,3,2,13,3,30,0,10,0,-3,1,-10,-9,-2,7,6
834,M,26,0,16,8,0,1,7,0,34,0,0,4,0,3,15,8,11,10,0
835,F,44,0,17,9,0,3,7,0,80,1,6,5,14,6,20,11,16,11,2
836,M,44,0,4,3,0,-1,9,1,19,0,9,0,-3,9,4,2,10,5,0
837,F,36,0,0,2,0,2,0,0,7,0,0,0,2,1,5,0,-1,1,0
838,M,23,0,26,22,8,8,9,0,42,1,1,0,10,6,33,21,11,11,0
839,F,38,0,9,3,1,1,4,1,10,0,0,0,-2,0,1,3,2,5,0
840,M,39,0,23,22,10,18,12,5,98,2,14,12,17,22,40,20,40,30,5
841,M,45,0,4,1,0,0,5,2,15,0,2,0,0,6,7,0,14,4,0
842,M,40,0,1,-1,0,0,2,0,12,0,2,0,0,5,6,2,6,0,0
843,M,35,0,-2,0,-11,-18,-7,0,-21,0,1,-6,-14,-1,-12,19,0,0,-1
844,M,22,0,15,14,4,5,7,0,14,0,0,0,4,-3,24,4,4,10,0
845,M,64,0,0,-1,0,1,0,-1,4,1,0,0,0,0,4,0,0,4,0
846,M,27,0,63,43,1,3,29,2,110,1,19,24,20,24,65,24,61,38,11
847,M,29,0,5,7,-5,-9,-4,0,14,-4,-1,2,2,2,8,12,7,-1,0
848,M,46,0,35,39,3,13,5,3,71,6,10,2,18,21,57,28,20,29,2
849,F,15,0,17,6,4,4,0,0,19,0,0,7,4,0,11,8,10,6,0
850,M,34,0,34,25,6,13,-2,0,17,0,0,2,12,1,25,15,16,14,3
851,M,18,0,46,12,5,1,28,1,60,-1,3,-1,3,6,16,19,33,19,1
852,M,46,0,13,6,6,5,2,0,4,0,0,2,-1,0,4,7,7,7,0
853,M,49,0,0,-3,0,1,1,0,0,0,2,0,0,1,-2,-1,4,-1,0
854,F,29,0,-6,3,0,4,12,1,36,-2,1,4,2,5,8,6,1,2,2
855,M,53,0,2,0,0,0,0,0,7,0,0,0,0,1,2,0,2,0,1
856,F,43,0,1,0,0,0,1,0,9,0,0,1,-2,2,3,1,4,1,0
857,F,35,0,-2,-3,0,0,-4,0,8,0,0,0,0,0,4,2,-4,-2,0
858,M,63,0,4,-1,0,0,4,0,5,0,0,0,0,2,0,-1,1,1,0
859,F,18,0,1,-2,0,-1,1,0,21,0,0,1,0,0,14,-1,3,0,0
860,F,70,0,2,-1,0,-1,3,0,18,0,1,0,0,2,9,1,3,2,0
861,F,38,0,0,0,0,2,1,0,36,0,0,0,4,0,20,-2,0,1,0
862,M,25,0,71,43,6,14,18,0,90,5,6,11,13,8,39,52,55,40,5
863,M,17,0,7,1,-1,-3,10,0,19,0,-2,6,-5,7,0,6,10,5,0
864,M,27,0,85,45,16,21,21,2,103,5,0,14,12,14,39,39,63,32,8
865,M,25,0,-24,-11,-15,-20,4,2,4,-4,2,-4,-14,1,-5,-6,-9,-5,0
866,M,45,0,-4,0,0,0,-1,0,-3,0,-1,0,1,-1,-1,0,-2,0,0
867,M,24,0,38,17,1,0,7,2,64,0,4,0,4,12,17,31,34,30,1
868,M,21,0,-16,-3,9,-22,7,0,28,-2,1,-3,-9,0,-12,8,5,12,-5
869,M,30,0,3,1,1,2,3,0,-5,1,0,0,-1,-1,-1,2,-1,3,0
870,M,22,0,12,5,3,4,17,1,66,1,10,2,3,11,16,7,27,16,2
871,M,31,0,40,12,0,0,10,0,25,0,2,0,0,2,14,15,16,9,4
872,F,19,0,10,2,0,0,-3,0,10,0,0,3,0,0,6,3,16,1,0
873,F,48,0,3,-1,0,-2,0,0,1,0,0,0,-1,2,0,-1,0,-1,0
874,M,36,0,2,0,0,0,6,0,21,0,4,0,1,6,9,0,5,3,0
875,F,24,0,19,10,3,3,12,2,58,2,3,4,2,10,21,19,27,16,0
876,M,41,0,4,3,0,-1,1,2,16,0,0,0,0,-1,4,0,0,7,1
877,M,30,0,12,6,1,2,2,0,40,0,-1,1,2,0,32,7,13,12,1
878,F,50,0,2,1,1,0,2,-2,33,-1,0,-2,-1,2,13,3,2,8,2
879,F,33,0,6,5,0,1,2,0,9,0,0,0,-1,0,9,4,0,3,0
880,M,13,0,56,10,6,6,30,0,79,2,5,11,2,16,31,24,59,15,5
881,M,39,0,33,18,-3,-12,1,0,50,0,4,4,-3,9,14,20,31,34,2
882,M,35,0,49,31,16,30,2,0,58,2,2,5,18,7,30,34,23,21,6
883,M,49,0,41,19,4,7,24,4,123,1,7,6,4,17,53,25,50,19,6
884,M,44,0,1,2,0,0,3,0,21,0,0,0,0,0,11,4,2,1,2
885,F,30,0,12,8,15,11,-4,0,5,-1,0,0,9,0,13,1,4,2,2
886,M,20,0,31,11,5,2,13,3,39,0,3,3,5,2,17,21,23,19,1
887,F,14,0,45,43,27,26,7,4,33,1,2,3,18,2,25,29,23,16,2
888,M,41,0,1,0,0,0,1,1,12,0,0,0,0,2,13,0,1,5,0
889,M,24,0,32,19,3,5,19,5,59,-1,3,4,6,6,26,17,32,19,1
890,M,32,0,15,11,2,9,4,0,53,2,6,9,2,9,19,19,19,23,5
891,F,51,0,10,6,0,0,3,0,36,0,0,0,2,1,15,2,9,6,0
892,M,36,0,62,37,1,16,21,0,93,5,6,7,1,14,34,34,45,36,9
893,M,25,0,12,9,4,4,3,0,9,0,0,0,0,1,11,4,4,10,0
894,M,47,0,6,4,1,1,14,3,126,2,1,-2,0,8,34,2,22,14,1
895,F,31,0,4,6,1,3,1,0,5,0,0,-1,0,1,8,4,2,4,0
896,M,28,0,-19,-1,5,0,-1,1,6,-3,5,-8,8,2,16,5,-14,12,-2
897,M,30,0,68,38,13,27,5,0,49,7,3,22,18,7,30,33,38,25,10
898,M,23,0,1,1,0,-2,4,0,9,0,1,1,2,2,2,2,5,-1,0
899,M,32,0,14,3,3,4,-2,1,32,1,1,2,7,5,23,14,12,10,1
900,M,60,0,-3,-1,0,0,0,0,-5,0,-1,-4,-4,-1,-5,-1,-6,0,3
901,M,38,0,44,26,4,14,1,0,18,1,0,2,6,3,28,24,19,11,4
902,F,45,0,10,1,2,5,0,0,10,1,0,0,0,3,2,5,8,10,0
903,M,28,0,19,9,2,3,13,3,70,1,3,6,5,8,10,5,19,20,2
904,F,17,0,1,2,0,0,0,0,18,0,0,2,4,1,26,0,4,1,1
905,M,27,0,1,0,0,0,4,0,10,0,2,0,-1,3,0,1,4,1,0
906,M,45,0,3,1,2,1,7,0,25,0,0,0,1,1,11,2,7,5,0
907,F,25,0,38,23,5,10,17,2,110,2,0,8,7,13,67,9,51,21,2
908,F,44,0,9,1,0,2,3,1,22,2,4,2,1,3,10,7,16,9,0
909,F,50,0,4,0,0,2,0,0,29,0,0,0,2,0,9,0,2,2,0
910,M,28,0,0,1,1,1,1,0,11,0,0,0,0,-2,2,-6,-2,-2,0
911,F,37,0,13,17,4,13,2,0,23,1,1,5,12,8,16,9,11,7,3
912,M,51,0,4,7,2,7,2,0,22,2,0,1,10,3,11,2,4,4,0
913,M,27,0,13,4,1,0,7,0,37,0,5,2,5,2,10,12,16,6,1
914,F,44,0,0,0,0,0,0,0,4,0,0,0,1,0,4,0,2,0,0
915,M,50,0,0,0,0,0,0,0,5,0,2,-1,0,0,3,0,0,1,0
916,M,27,0,3,3,0,-1,15,2,87,-2,3,4,0,0,32,9,0,22,1
917,F,22,0,-5,0,0,0,3,0,21,0,0,0,1,-2,7,-2,-2,-2,0
918,M,40,0,3,1,0,0,-1,2,35,-2,3,0,2,2,11,-3,3,1,0
919,M,25,0,12,12,5,14,12,1,69,4,1,6,5,7,14,10,22,5,0
920,F,30,0,1,0,0,0,1,0,4,0,0,0,0,2,1,1,1,-2,0
921,F,20,0,21,11,0,3,1,0,6,-1,0,0,6,4,19,9,7,5,-1
922,F,29,0,26,23,9,12,2,0,10,-1,2,-7,7,-1,15,15,4,7,1
923,M,21,0,30,16,0,1,17,0,33,2,1,4,0,8,15,11,30,5,0
924,M,29,0,14,11,4,4,7,1,36,-1,0,1,4,-1,15,11,4,10,0
925,F,18,0,1,0,0,0,2,0,2,-2,0,2,0,2,-1,0,6,0,0
926,M,49,0,0,0,0,0,1,0,4,0,1,0,0,0,1,1,-1,1,0
927,M,23,0,40,26,13,20,8,0,15,5,0,1,8,4,8,21,25,5,0
928,M,21,0,15,9,2,4,4,2,29,0,0,0,0,5,15,5,7,2,0
929,M,44,0,10,-1,0,2,8,0,26,1,2,2,1,3,5,10,10,11,2
930,F,28,0,-4,-6,-2,-1,-2,0,12,-2,0,-2,-2,0,-1,-5,2,0,0
931,M,60,0,10,2,0,1,6,-2,37,0,1,0,0,4,12,0,10,8,0
932,M,58,0,15,19,9,0,9,5,110,-1,15,5,8,27,35,25,35,34,10
933,M,28,0,-42,-24,0,-2,7,0,20,-1,1,-17,-6,2,-13,-13,-7,6,-3
934,M,61,0,28,23,4,8,8,0,54,1,5,1,10,9,26,19,13,11,5
935,M,42,0,15,6,0,0,1,0,17,0,0,0,0,1,15,1,12,5,0
936,M,24,0,11,4,1,0,9,2,68,0,0,1,1,5,26,10,9,5,0
937,M,48,0,4,3,2,0,1,1,12,0,0,0,0,1,4,3,4,3,0
938,F,38,0,13,12,4,3,5,0,17,1,1,5,2,2,8,16,13,4,-1
939,F,26,0,19,5,1,1,4,0,28,1,0,0,1,1,18,9,13,6,0
940,M,32,0,10,0,3,6,9,0,29,0,3,0,1,4,13,1,7,4,0
941,M,20,0,8,6,5,3,0,0,6,0,0,0,1,2,2,7,7,2,0
942,F,48,0,20,19,7,17,0,0,44,2,2,2,7,9,24,7,20,17,5
943,M,22,0,35,9,1,-2,22,0,44,-1,0,9,3,2,6,0,29,8,-4
